{
    "epoch": 2.9955555555555557,
    "eval_loss": 1.044925332069397,
    "eval_runtime": 25.4425,
    "eval_samples_per_second": 11.791,
    "eval_steps_per_second": 11.791
}