{
    "epoch": 2.9955555555555557,
    "total_flos": 2.1395215830771302e+17,
    "train_loss": 1.14063710003767,
    "train_runtime": 2570.1014,
    "train_samples_per_second": 3.152,
    "train_steps_per_second": 0.393
}